fee_gold,fee_btc,final_nav,ROI,maxDD,trades_count
0.01,0.02,3002.0527273876614,2.0020527273876616,-0.5768834132922456,389
0.02,0.03,2122.2384248447866,1.1222384248447868,-0.6382193067879336,389
0.03,0.05,862.7733655958966,-0.13722663440410343,-0.7367535449283538,387
0.1,0.1,286.72286849735247,-0.7132771315026476,-0.7960423743121157,290
